4,4,4,1,"i 2 decessi registrati oggi si riferiscono a  ‚Ä¢ 2 donne di 80 e 83 anni  erano residenti a scandiano e vetto d'enza  üíâieri sono state vaccinate 1.141 persone, oggi ne erano programmate 750","B507"
1,1,1,0,"l‚Äôok alla presenza di spettatori alle gare di #uefa2020 allo stadio #olimpico √® un gran bel segnale di #speranza (maiuscolo e minuscolo). ora, per√≤, urge un protocollo rigido del #cts e, soprattutto, un‚Äôaccelerazione nelle #vaccinazioni. altrimenti sar√† l‚Äôennesimo, vuoto proclama","B160"
4,4,4,1,"#vaccini domani, 5 maggio, sul portale della regione #toscana aprono le agende per prenotare il johnson&amp;johnson per chi ha pi√π di 65 anni link user","B92"
1,1,1,0,"√® assurdo come i novax riescano a mettere in correlazione la morte di #raffaellacarr√° con il vaccino. sono da tso ormai. fermateli.","B162"
3,3,3,2,"user tu che dici mariano... dove andiamo a finire cos√¨? mi chiedo sempre la stessa cosa: se il vaccino (che vaccino nn √®, in quanto farmaco sperimentale dichiarato) √® sicuro... che motivo hanno i vaccinati di stare allarmati? sono protetti no? come mai tutto questo odio per chi ha","B290"
1,1,1,0,"il governo prenda subito la decisione di rendere obbligatoria la vaccinazione! stiamo rischiando un blocco totale che far√† molto male alla nostra economia, oltre che a tutti. smettiamola di essere ignoranti egoisti!link","B156"
4,4,4,1,"l‚Äôindia ha ordinato 300 milioni dosi di un vaccino anti-covid non approvato link","B273"
4,4,4,1,"user mi piacerebbe essere contadino  in ogni caso in una comunit√† si pu√≤ esprimere il proprio gradimento o critica. e in una comunit√† europea non ha senso che ogni nazione vada per la sua strada tra vaccinazioni e chiusure. ci vorrebbe uniformit√†,oppure ciao europa","B21"
4,4,4,1,"#covid19 #coronavirus dati in #toscana #9giugno ‚ñ™Ô∏è 127 nuovi casi ‚ñ™Ô∏è 15.898 tamponi eseguiti ‚ñ™Ô∏è 341 ricoverati (-33 da ieri) ‚ñ™Ô∏è 80 in terapia intensiva (-4 da ieri) ‚ñ™Ô∏è 9 decessi (6.784 totali) ‚ñ™Ô∏è 230.765 guarigioni (+425 da ieri) ‚ñ™Ô∏è 2.390.805 vaccinazioni link link","B520"
1,1,1,0,"user io mi sono vaccinato 2 volte, per proteggere mia moglie che ha malattia autoimmune e non pu√≤ vaccinarsi. poi vedremo a ottobre...","B466"
4,4,4,1,"#cronaca #ultimenotizie vaccini in aziende, 2mln #astrazeneca in frigo - link - #tifosi #vaccino link","B159"
4,4,4,1,"biontech e pfizer hanno sviluppato un vaccino per la variante delta e vogliono verificarne l'efficacia. le aziende chiederanno l'autorizzazione alla food and drug administration statunitense per una terza dose di richiamo, ma per l'fda due inoculazioni sono sufficienti.","B423"
3,3,3,2,"user_claudio appunto perch√© non si tratta di vaccino ma di una sperimentazione sull'uomo, sono dei veri tentativi di omicidi.","B85"
1,1,1,0,"per me √® mio fratello che in una discussione abbastanza accesa con mio pap√† no vax, incazzato con me perch√© voglio fare il vaccino, prende le mie difese e si mette a discutere con lui (il vaccino l'ho prenotato oggi insieme a mia mamma)","B381"
1,1,1,0,"ad ottobre, quando ci rinchiuderanno nuovamente, ricordate che quel 30% in meno di efficacia del vaccino pu√≤ comunque fare la differenza! quindi vaccinatevi! perch√© anche per delta, con il vaccino per lo meno non muoio, senza non so! sappiatelo! #greenpassobbligatorio #pfizerdown","B163"
4,4,4,1,"astrazeneca e mix vaccini, il cts respinge le accuse: ‚Äúconfusione non √® colpa nostra‚Äù. ora il pressing del governo sulle mascherine link via user","B360"
4,4,4,1,"in arrivo i primi 40 mila green pass per i valdostani vaccinati contro il covid link","B397"
4,4,4,1,"ristoranti, calcetto, pass vaccinale, mense scolastiche: al #cts i nodi da sciogliere in vista delle riaperture del #26aprile so' problemi #vaccini #covid19italia","B69"
1,1,1,0,"sulla vaccinazione #emiliaromagna e #toscana sono al primo posto per organizzazione e somministrazione ai propri residenti √® questa una delle differenze tra il riformismo del buon governo e le chiacchiere populiste un motivo in pi√π per user segretario user","B344"
3,3,3,2,"user non abbiamo dimenticato la morte di camilla mariani dopo il vostro open day della morte nonch√®, i tanti morti post vaccino da voi occultati. per voi ci vuole una nuova norimberga, dovete pagare per i vostri crimini, farabutti assassini link","B337"
3,3,3,2,"user user √® esattamente cos√¨. mi piacerebbe poi sapere quanti decessi per coronavirus e quanti invece con coronavirus. ma queste informazioni non le sapremo mai, importante √® negare che il vaccino sia potenzialmente pericoloso.","B402"
1,1,1,0,"user vaccinazioni non se ne parla manco morti?  il lockdown √® l'alternativa al vaccinarsi ... senza vaccini si va in lockdown ... con i vaccini il lockdown √® una inutile vacanza!üò°","B79"
4,4,4,1,"politici e vaccino: da salvini e meloni a letta, renzi e grillo. chi lo ha fatto e chi non lo far√†","B173"
1,1,1,0,"il vaccino limita i rischi e basta, sta cosa di ""√® inutile che mi faccio il vaccino tanto sono tutti vaccinati "" √® una stronzata","B367"
2,2,2,3,"user_ si si, so chehai fatto il vaccino. io me la sto facendo sotto, detto molto sinceramente. se per il tampone sono svenuto rischiando un trauma cranico, chiss√† che fine far√≤ col vaccino","B338"
1,1,1,0,"vaccino, lo psicologo: cosi' giovani escono da pantano emotivo  link","B107"
1,1,1,0,"tutti voi che state ironizzando sul #deltaplus #deltavariant... ma l'avete fatta almeno una dose di vaccino? no perch√© nel caso non sareste nella posizione giusta per fare dello spirito.","B32"
3,3,3,2,"covid, la pediatra angelina farella: ‚Äúpensare di sottoporre i bambini a questo tipo di vaccini √® un crimine‚Äù: link","B296"
3,3,3,2,"user non c'√® nessuno che chiede se avesse fatto il vaccino.....ma pensano subito al covid  concorezzo, muore a 15 anni nella sua cameretta. ora si indaga sul covid - cronaca - link link","B183"
4,4,4,1,"un nuovo articolo: (vaccini covid, da domani in sicilia prenotazioni per i ragazzi dai 12 ai 15 anni) √® stato pubblicato su: tempo stretto - ultime notizie da messina e reggio calabria - link link","B59"
3,3,3,2,"user libro ""bambini super vaccinati"" capitolo virus a/h1n1. libro di una decina di anni fa. c'√® gi√† quasi tutto dentro, tutto quello che sta capitando. il pediatra esercita ancora privatamente. siamo in mano a dei lucidi criminali.","B325"
1,1,1,0,"i dati della nuova #campagnavaccinale testimoniano il cambio di passo: in un mese, da 60mila somministrazioni giornaliere a oltre 250mila e abbiamo ampliato platea vaccinatori e punti vaccinali (+30% in un mese). ne ho parlato ieri su user link","B4"
3,3,3,2,"l'#autopsia su francesca tuscano, l'#insegnante di 32 anni deceduta il giorno di #pasqua, ha confermato la #morte per un quadro ""#trombotico ed emorragico cerebrale"". alla giovane era stato inoculato il #vaccino #astrazeneca il 22 marzo. al momento non sarebbero emerse anomalie. link","B434"
3,3,3,2,"deve diventare famoso il dott. scoglio! laureato in legge, ma dedica la vita alle alghe. ha deciso di essere il candidato al nobel 2018, anche se nessun candidato al quel nobel sar√† noto prima del 2068.  e vi parla della pericolosit√† dei vaccini.","B42"
1,1,1,0,"cari novax ‚Äú libert√† di scelta‚Äù,  la vostra libert√† finisce dove incomincia la mia di non essere contagiata da voi #novax","B151"
1,1,1,0,"user caro massimo, almeno io, non ho idea dello stress delle strutture sanitarie. concordo che questi lockdown a singhiozzo non sono ideali, ma oggettivamente questa pandemia √® devastante. piuttosto cerchiamo di stringere sulle vaccinazioni. un caro saluto alessandro","B180"
1,1,1,0,"nonni vaccinati, sono un po‚Äô pi√π sollevata‚ù§Ô∏è","B113"
4,4,4,1,"2 settembre alle 20:00, a vibo, sar√≤ alla presentazione del libro di matteo bassetti. intanto √® notizia di oggi: ennesima aggressione dei no vax nei confronti dell'infettivologo bassetti inseguito e minacciato: ""ci ucciderete tutti con questi vaccini e ve la faremo pagare"". link","B246"
1,1,1,0,"comunque ieri sera l‚Äôhost del nostro b&amp;b ci ha seriamente detto che non fa il vaccino perch√© a sua sorella adesso rimangono le chiavi attaccate addosso. non ne usciamo.","B211"
4,4,4,1,"vaccini a pasquetta quasi 148 mila vaccinazioni. il 20% delle dosi ancora nei frigoriferi delle regioni - #vaccini #pasquetta #quasi link link","B512"
4,4,4,1,"il vaccino di johnson  link via user","B128"
4,4,4,1,"vaccini: da luned√¨ le prenotazioni dei cinquantenni. 85mila dosi al giorno ‚Äì ballabio news ‚Äì quotidiano online di ballabio, morterone e piani dei resinelli link","B487"
3,3,3,2,"user e‚Äô quello a cui puntavano fin dall‚Äôinizio (ma era roba da complottisti). il test √® inaffidabile ed √® un trattamento medico che nessuno pu√≤ imporre alla persona, tantomeno il vaccino. il #passaportovaccinale possono metterselo in quel posto.","B87"
1,1,1,0,"sono vaccinata ragaaaaa fanculo il covid","B346"
1,1,1,0,"mario draghi: chi rifiuta il vaccino sostenga i costi della propria ospedalizzazione! - firma la petizione! link via user","B8"
3,3,3,2,"user user un passaporto per vaccini che hanno ottenuto solamente l'emergency use authorization, ovvero non ancora validati da fda, etc? se cosi fosse continuero' con il delivery, l'ecommerce e gli esercizi al parco o a casa. buona fortuna a tutti. link","B167"
5,5,5,4,"scrittura del giorno #13giugno  link  #jw #covid19 #coronavirus #covid2019 #covid_19 #covid #covid19italia #covid #covid19italia #covid19italia #vaccino #weekend #buonadomenica #buongiorno #astrazeneca #pfizer #europei2021 #euro2020 #europei","B187"
3,3,3,2,"üáÆüáπ #coronavirus #vaccinazione  troppi dubbi‚ÄºÔ∏è  intanto grazie ai ricatti la sperimentazione continua e in autunno avremo i risultati","B442"
3,3,3,2,"conferenza del dottor charles morgan all'accademia militare di west point: controllo remoto del cervello umano tramite vaccini mrna - database italia link via user","B234"
4,4,4,1,"asl avellino. sospensione attivit√†‚Äô centri vaccinali nella giornata di domani, luned√¨ riprendono le vaccinazioni - link link","B129"
3,3,3,2,"mia cugina, fatto il vaccino 5 giorni fa questa notte trasportata in ospedale e deceduta. proviene da un ceppo familiare che vive 100 anni. nessuna patologia, sportiva, ballava, rideva , ma non ha voluto ascoltarmi voleva essere libera con il vaccino. amen link","B103"
4,4,4,1,"vaccini, stefani-speranza: disabili fra categorie prioritare link","B253"
4,4,4,1,"√® scontro tra virologi sulle mascherine: bassetti propone l‚Äôaddio per i vaccinati. gismondo dissente link link","B125"
5,5,5,4,"user i novax. si ha ragione.","B475"
3,3,3,2,"quando la finiranno di dire falsit√†? l'hosempre detto e sostenuto. 1 il vaccino per virus che mutano non serve. 2 il #covid19 si cura benissimo a casa 3 siamo comunque al 70% di vaccinati ma in pratica siamo messi peggio della scorsa estate?liberi tutti!   link","B395"
3,3,3,2,"basta tutti testimonial di vaccini e case farmaceutiche","B249"
5,5,5,4,"user penso sia per il vaccino sto","B51"
3,3,3,2,"user user sul fatto che gli italiani non siano popolo bue ho molte riserve.  gente disposta a farsi vaccinare anche con l‚Äôacquaragia pur di andare in vacanza ‚Äúimmunizzati‚Äù e gi√† pronti a sacrificare anche i loro figli sull‚Äôaltare del dio vax.  popolo bue anche troppo poco per sta gente ..","B299"
3,3,3,2,"cio√®, tutti sti soldi spesi per vaccini (in via di sperimentazione) servono solo ad arricchire bigpharma. altro che giornate della memoria... üí£üí£","B277"
4,4,4,1,"canavese - a che punto siamo con i vaccini anti covid nella nostra zona? i numeri dell'asl to4 e le prossime date da segnare sul calendario   link","B432"
1,1,1,0,"grandissimi pezzi di ceüöΩsse unitamente a tutti i üçíoni no vax che vivete nella nostra sicilia--  ci siete riusciti siamo primi per contagi e ultimi per vaccinazioni da luned√¨ 30 saremo di un bel colore giallo! guardatevi allo specchio e ‚Ä¶.ü§ßü§ß link","B98"
1,1,1,0,"user spero che facciate i complimenti anche alla regione lazio dato che ha gestito le vaccinazioni meglio di tutti .... diciamo un bravo a zingaretti","B459"
3,3,3,2,"user user i testimonial come lui  e  affini dovrebbe pubblicare i titoli anticorpali prima e dopo il vaccino. cos√¨, giusto per confermare che sbadatamente  loro non abbiano ricevuto il placebo .lo facciamo perch√© ci teniamo tanto alla loro salute e alla scienza","B74"
4,4,4,1,"11) banco informazioni, ti danno un modulo ""lo compilo e glielo d√≤ adesso?""  12) ti fanno prendere appuntamento dal sito 13) complimenti ha un appuntamento per consegnare il modulo fra un mese. 14) la pandemia √® finita, non ho la tessera sanitaria e non ho ancora il vaccino","B184"
1,1,1,0,"fra le simpatiche terapie domiciliari che ultimamente vantano i no-vax spicca l'uso dell'ivermectina un antiparassitario per cavalli e vacche. se posso permettermi, vi consiglio frontline, cosi terrete lontani oltre al covid-19 anche pulci, zecche e pidocchi masticatori. üò¨üòâ link","B456"
3,3,3,2,"#staseraitalia le varianti si sviluppano dove non si vaccina? √® esattamente il contrario, si chiama pressione selettiva dei vaccini.","B312"
4,4,4,1,"#sicilia, al via a #palermo il primo grande ‚Äòhub‚Äô per le vaccinazioni - video link","B100"
1,1,1,0,"user user_ spiegazione: classe di et√† &gt;50  vaccinati 95%  non vaccinati 5% : il rapporto √® 19:1 tabella: morti: vaccinati  279 non vaccinati 131: il rapporto √® 2.2:1.  quindi il vaccino ha protetto gli over 50,anche se il  numero dei loro morti √® superiore a quello dei non vaccinati.","B210"
3,3,3,2,"user_cersei i tre grandi paesi in forte crisi  di leadership politica,  usa, italia e francia , sono quelli con feroce controllo e persistente allarme sanitario. valido strumento  paradigmatico , vaccino  o pass, per limitare e condizionare le libert√† dei cittadini ed inibire cambi di rotta.","B476"
3,3,3,2,"ci arrivano piano piano a dire #vaccino #covid obbligatorio per tutti, dalla nascita ai 125 anni ma dategli un paio di mesi. tanto ormai vaccinano pure durante la gravidanza, poi passeranno agli animali vedrete. e quello sar√† il momento che i #fruttariani diventeranno tantissimi.","B313"
1,1,1,0,"user user ho citato tutte trasmissioni passate che diffondevano falsit√†. per me √® grave per lei no. hanno diffuso le fake sui vaccini. per me √® di una gravit√† inaudita. enorme. per lei no. libere opinioni per carit√†...ma parlare di trasmissione attendibile no eh.  link","B197"
1,1,1,0,"user chi si prende la responsabilit√† di mandare il personale scolastico sopra i 50 anni allo sbaraglio? se la prende lei, ministro? qualcuno dovr√† spiegare perch√© riaprire le scuole senza aver vaccinato gli insegnanti. chi ne risponder√†, se qualcuno si contagia e ci lascia la pelle??","B56"
3,3,3,2,"robert f. kennedy jr. su pfizer e fda: ‚Äû questo √® uno schema sinistro per imporre un vaccino gravemente difettoso che ha gi√† fato la storia con morti e feriti, che non previene n√© la malattia n√© la trasmissione e non migliora la mortalit√†‚Äú.","B202"
3,3,3,2,"neppure se toccati personalmente ammettono l‚Äôirrazionalit√† di ci√≤ che subiscono e che impongono. una #politica morta, miope, subordinata ai militari come #figliuolo. #zingaretti #vaccini #greenpass #covid19  #greenpassobbligatorio link","B280"
3,3,3,2,"user user_0 la germania ordina e il mondo obbedisce...e non sto giustificando questa vaccinazione che non √® altro che una randomizzazione forzata...ma dobbiamo smetterla di essere allocchi in ogni contesto!","B516"
4,4,4,1,"libero e il giornale si sono allineati. la verit√† resta novax. link","B392"
3,3,3,2,"user_claudio grazie per la solerzia con cui ha verificato la segnalazione. e adesso che si fa? a parer mio questa cosa √® gravissima, dimostra la malafede che circonda il vaccino in italia e l‚Äôistituzionale ostilit√† nei confronti di chi sceglie di non farsi iniettare un siero sperimentale","B321"
3,3,3,2,"user user user diffondere il pi√π possibile, solo con le cure si blocca il vaccino.  1) erik grimaldi: terapia domiciliari precoci. 2) link  queste sono associazioni italiane che se fosse necessario basta contattarli per ricevere assistenza, e non chiedono niente in cambio","B281"
1,1,1,0,"tu provi a far finta di niente, a mantenere la calma poi sti novax si paragonano agli ebrei durante la seconda guerra mondiale e ti vien voglia di prenderli a sberle tipo mulino a vento.","B38"
1,1,1,0,"user chi sceglie di non vaccinarsi √® come quello che non rispetta il divieto di sosta e di fermata nei giorni di mercato. chi si √® vaccinato ha pagato il suolo pubblico e si √® iscritto alla camera di commercio, e loro ne approfittano a sbafo.","B222"
3,3,3,2,"quando pensate che user_italia siano liberali invece scopri che vogliono l' obbligo per i vaccini sperimentali chiss√† se user si far√† un bel astrazeneca?","B357"
4,4,4,1,"pfizer sta pensando di adattare il nuovo richiamo alle varianti.","B77"
4,4,4,1,"su circa 10,7 milioni di prime dosi del vaccino #pfizer 9,7 milioni di dosi del vaccino #astrazenaca e circa 0,8 milioni di seconde dosi di vaccino pfizer. quindi, i dati di tali effetti collaterali di astrazeneca non si discostano molto da quelli di pfizer.","B522"
1,1,1,0,"la variante pi√π pericolosa √® quella  no-vax: si attacca al cervello  #covid link","B86"
1,1,1,0,"voler far ragionare un no vax √® come volersi ubriacare con la coca-cola.","B127"
3,3,3,2,"user ""forzare"", il governo e le istituzioni vogliono forzare un vaccino sperimentale e pericoloso nelle persone. buttate fuori questi delinquenti fascisti!!!","B335"
3,3,3,2,"la gravidanza solidale. il vaccino solidale. il pass solidale. gli immobili solidali. la parolina magica per coprire le porcate.","B314"
1,1,1,0,"user_patrizia una mia ex vicina di casa, gravemente obesa e diabetica, nonostante avesse la priorit√† del vaccino, non l'ha voluto fare. √® in terapia intensiva in condizioni disperate. ma come si fa....","B300"
1,1,1,0,"¬´sono un ragazzo vaccinato¬ª, jovanotti gioisce su facebook link","B469"
4,4,4,1,"vaccini, figliuolo: ‚Äúin arrivo 5 milioni di fiale‚Äù. i numeri della campagna: un anziano su due √® immunizzato, prima dose al 45% degli over 70 link","B16"
4,4,4,1,"ultim‚Äôora/ bertolaso promette: ‚Äúentro l‚Äô11 aprile tutti gli over 80 lombardi vaccinati‚Äù | sesto notizie link","B460"
3,3,3,2,"user_biasi attenzione leggi bene quello che ho scritto non parlo del vaccino ma dei lotti a cui si fa riferimento se casi simili sono successi in diversi paesi europei il problema non √® in un singolo lotto ma in uno degli eccipienti nella formulazione di questo vaccino","B361"
3,3,3,2,"user_sibari user allora mi dica il vaccino e autorizzato alla vendita in emergenza ma rimane sperimentale fino al 2023  un obbligo da parte dello stato impone che lo stato stesso si faccia carico di eventuali danni rendendo superfluo il consenso firmato  chi pagher√†?","B201"
4,4,4,1,"vaccini, in piemonte si risolve il rebus dell'appuntamento per l'iniezione [di sara strippoli] [aggiornamento delle 08:00] link","B221"
3,3,3,2,"107 euro al mese in pi√π per fare da cavie. perugia, poliziotta 43enne ricoverata dopo il vaccino astrazeneca link","B317"
4,4,4,1,"vaccini lazio, ripartono le prime dosi: la chiusura degli hub ora slitta a ferragosto - link link","B218"
3,3,3,2,"secondo i dati ufficiali, negli ultimi tre mesi sono morte pi√π persone a causa dei vaccini che nell'ultimo decennio alvaro colombres garmendia | thebl 03/31/21, 13:54 link","B517"
3,3,3,2,"user finitela di fare disinformazione! in ospedale oltre al #greenpass richiedono tampone negativo per assistenza post-parto‚Ä¶ quind il vs. #greenpass e le vs. vaccinazioni non servono ad un cazzo!","B431"
5,5,5,4,"ogni #movimentosociale √® figlio di una determinata epoca storica: o √® portato a conformarsi all'esistente oppure √® portato alla rottura. link #lotteimmediate #sci #sindacato #vaccini #protest #antiforma #crisi #occupy","B123"
4,4,4,1,"2,5 milioni di over 60 ancora non vaccinati. 5 milioni di over 50 ancora non vaccinati.","B1"
3,3,3,2,"user user__ no, sono sperimentali, leggi il bugiardino e vedrai cosa scrivono. sono vaccini sperimentali somministrati in larga scala per via della pandemia.","B105"
4,4,4,1,"geopolitica dei vaccini - mappa mundi"" link 40","B303"
4,4,4,1,"asl na 2 nord, stop alle prime dosi per mancanza di¬†vaccini link","B78"
2,2,2,3,"io ho fatto la dose 1 #pfizer, e voglio anche la dose 2 uguale. non voglio ""mescolamenti"" diversi sui vaccini #covid19. se, in seconda dose, mi propongono un vaccino diverso, io lo rifiuto, e non lo faccio. io non voglio mescolare vaccini diversi. preferisco non farlo.","B347"
3,3,3,2,"sono simpaticissimi questi provax .","B65"
1,1,1,0,"ma quindi abbiamo davvero bloccato un vaccino per 30 trombosi su 5 milioni di vaccinati? #astrazeneca","B60"
4,4,4,1,"vaccino o certificato di negativit√† per chi arriva in sardegna: la proposta link","B53"
3,3,3,2,"user eh ma i vaccini sono indispensabili, ci salveranno da questo terribile raffreddore, dopo che tutti avranno avuto almeno 5 dosi","B370"
3,3,3,2,"i dati che preoccupano l‚Äôinventore del vaccino mrna (imprtanti e vietati ai virologi da tv) link #news #feedly","B420"
4,4,4,1,"gds: ""#sicilia. vaccini in farmacia, si parte il 15 luglio"" link","B64"
3,3,3,2,"la ""variante"" delta in inghilterra colpisce i vaccinati 6 volte di pi√π dei non vaccinati. se hai capito l'antifona, indovina chi colpir√† di pi√π ad ottobre la variante ""gamma"" (proveniente stavolta dalla manciuria)? link","B394"
3,3,3,2,"user user ma se hanno detto (gliscienziati) che i vaccinati infettano ugualmente.... che si vaccinano a fare?","B449"
1,1,1,0,"mi hanno convocata per il vaccino e so felice","B521"
3,3,3,2,"le overdosi di vaccino‚Ä¶ (e dovremmo essere pure contenti)"" link 91","B174"
2,2,2,3,"user io sono vaccinata, ma mi chiedo la #terzadose  √® necessaria per noi che abbiamo sviluppato gli anticorpi? non sarbbe meglio prima controllare se davvero la copertura del vaccino dopo tot mesi sia scesa, e poi decidere per la terza dose??","B67"
1,1,1,0,". user qualcuno lo fermi perch√© ha perso il lume della ragione e lo dico da convinta sostenitrice dei vaccini","B154"
4,4,4,1,"#vaccini anti #covid19 in italia, dosi somministrate su base quotidiana. dosi somministrate il 11/05/2021 : 429.134 media mobile a 7 giorni: 465.570 #covid_19 #vaccinaitalia #astrazeneca #coronavirus #pfizer #modernavaccine link","B44"
4,4,4,1,"stop a 8000 prenotazioni al vaccino astra zeneca dall'asl toscana sud est link","B145"
3,3,3,2,"coloro che ci hanno messo paura a causa del covid, sono gli stessi che ci vogliono imporre la somministrazione del vaccino  link","B24"
4,4,4,1,"ripartite le vaccinazioni astrazeneca in italia. previsti turni straordinari per recuperare i ritardi. ministero della salute: ""serve accelerazione forte"". poche disdette nei centri riaperti link","B399"
3,3,3,2,"docente in gravi condizioni al policlinico, le era stato somministrato astrazeneca: scatta la segnalazione all'aifa link","B435"
1,1,1,0,"mia mamma ha detto a mia zia che mi voglio fare il vaccino e ora lei mi ha chiamata per farmi il bordello e a raccontarmi stronzate lette su facebook ma diocane","B119"
4,4,4,1,"al momento sono 29.969.854 le dosi di vaccino somministrate alla popolazione italiana, mentre 9.759.934 persone hanno concluso il ciclo vaccinale sul territorio nazionale (16,47% della popolazione).","B94"
3,3,3,2,"link la proteina spike entra in circolo nel sangue e forti percentuali sono state riscontrate nella milza, nel cuore e nelle ovaie di coloro che si sono sottoposti al vaccino. un gruppo campione di 13 sanitari. 11/13!","B430"
1,1,1,0,"user user user parli per lei quando si riferisce a chi √® stolto non coinvolga gli italiani. milioni di morti in tutto il mondo ed ha ancora il coraggio di mettere in dubbio la necessit√† dei vaccini? per sua informazione poi tutti i paesi hanno acquistato vaccini comprese le locomotive europee","B215"
3,3,3,2,"assassini!  lorenzo si era anche sottoposto al vaccino anti-covid, lo scorso 5 giugno. una scomparsa la sua che sconvolge la comunit√†, stretta intorno ai genitori","B138"
3,3,3,2,"user se i vaccini fossero super sicuri. ma non lo sono, per niente.","B70"
3,3,3,2,"#vaccinazioni #greenpass   chi si √® vaccinato si √® assunto consapevolmente dei rischi firmando una liberatoria. benissimo, dunque in base al ragionamento dei fanatici dei vaccini, le reazioni avverse vengano curate solo a pagamento.  #ultracorpi #iostoconborghi","B341"
4,4,4,1,"covid, uno studio conferma: l‚Äôefficacia del vaccino mrna cala in 6 mesi link #saluteinforma #salute link","B404"
1,1,1,0,"iniziate vaccinazioni over 70. finalmente! #toscana #vaccini","B15"
4,4,4,1,"covid, vaccini in farmacia, regioni a 2 velocit√†: da val d'aosta a calabria. la situazione link","B327"
4,4,4,1,"questo non si ferma. vaccini: de luca, se necessario rinvieremo inizio scuola - campania - link link","B504"
1,1,1,0,"‚Äúvaccinari √® megghiu di futtiri‚Äù","B196"
3,3,3,2,"user tranqi che col vaccino ci dimezzano","B121"
3,3,3,2,"per la nazionale di calcio, suonano la trombetta e si imbestialiscono se non vince. per la loro vita e quella dei loro figli massacrata da vaccini sperimentali e mascherine, no. la punizione √® pi√π che meritata.","B508"
4,4,4,1,"green pass, ricciardi: ‚Äúsolo per vaccinati e guariti, tampone non pu√≤ bastare‚Äù link link","B408"
3,3,3,2,"user user user user io non  ho mai parlato di sieri e non √® il termine che conferisce o meno la funzionalit√†. sto dicendo altro, ovvero che i vaccini sono tutti sperimentali per cui non si conoscono gli effetti a medio e lungo termine, mentre a breve vediamo decessi e ricoveri eccessivi...","B424"
3,3,3,2,"covid-19. l'oms continua a stupire per la grande confusione e contraddizione dei suoi membri. e' preoccupata e dubbiosa per l'efficacia dei vaccini sulla 'variante inglese'. per√≤ consiglia di accelerare la vaccinazione, che ormai √® inutile per la vecchia influenza passata,","B130"
1,1,1,0,"user_opamp user 1 i vaccini mrna vengono studiati da 20 anni quindi se ne conoscono gli effetti a lungo termine. 2 in europa sono stati rilasciati con la pratica dell'approvazione condizionata, utilizzata con dal 2006 con diversi altri farmaci.","B278"
1,1,1,0,"user n√© il vaccino pfizer n√© quello moderna vengono prodotti usando linee cellulari di conseguenza √® impossibile che contengano cellule di feti. altri vaccini necessitano di linee cellulari per la produzione (mrc-5, wi-38 e hek393 originarie degli anni 60/70), ma non ne contengono.","B81"
3,3,3,2,"""ci stanno somministrando un vaccino ancora in sperimentazione, secondo l'agenzia del farmaco cinese √® potenzialmente pericoloso"" ‚ñ∑ prof. leopardi link","B388"
4,4,4,1,"europei e vaccini: s√¨ di italia e belgio, no dell‚Äôinghilterra. caos in spagna, libera scelta per francia e¬†svizzera link","B365"
4,4,4,1,"#vaccini, l'italia procede a rilento? com'√® la situazione in altri paesi #ue? ora su user: fabrizio pregliasco user, don pietro sigurani e user_anfossi di user_cristiana. link link","B251"
1,1,1,0,"user_onnis la vaccinazione (soprattutto quella con vaccino a mrna) abbatte fino al 90% la trasmissione della malattia. tu racconti balle.","B348"
3,3,3,2,"user siamo sempre guariti dalle polmoniti, le cure esistono.. √® di vaccino che si muore, e non ci sono storie, e non sanno nemmeno riconoscerlo tanto pi√π che essendo sperimentale dovrebbero verificare le cause dei decessi anzich√© catalogarli come ‚Äúmalore improvviso ‚Äú... vergogna..","B274"
3,3,3,2,"vaccini covid, morte sospetta di un docente: il piemonte sospende astrazeneca #calabrianotizie #newscalabria link","B484"
3,3,3,2,"prato muore durante la tac. aveva fatto vaccino due giorni prima disposta l‚Äôautopsia - #prato #muore #durante #aveva #fatto link","B235"
1,1,1,0,"difficile per ora fare previsioni #covid19. di certo con la vaccinazione le nostre abitudini potranno tornare ad una nuova normalit√† molto pi√π agibile della presente link","B192"
3,3,3,2,"dopo la votazione di ieri si √® avviata la strada verso il nuovo processo di norimberga nessun pu√≤ obbligare a vaccinarsi con vaccini ancora in fase condizionata c'√® scritto chiaramente nella sentenza e costituisce un reato gravissimo #norimberga2","B498"
1,1,1,0,"un giorno qualcuno disse: nessuno si salva da solo. quindi, se qualcuno che √® in procinto di farsi il vaccino #astrazeneka avesse intenzione di rifiutarsi, mi contatti pure, sarei ben lieto di prendere io il suo posto #vaccini","B525"
1,1,1,0,"seguivo un noto personaggio della community trash italiana ma ho visto pubblicate un sacco di cazzate e speculazioni sui vaccini da questa persona, quindi l‚Äôunfollow √® stato automatico e senza alcuna piet√†","B455"
4,4,4,1,"vaccino, se la seconda dose √® quando sono in vacanza: come si comportano le regioni¬†italiane link","B135"
3,3,3,2,"user e se questi vaccini non fossero sufficienti in futuro (viste le varianti) ??? ci aggiungiamo ulteriori altri vaccini ?? ma per piacereeeeee..........!!","B468"
1,1,1,0,"user se vai in giro sono quasi tutti senza mascherina o distanziamento   vaccino non significa zero casi ma ospedali liberi e gente non al cimitero   se fai anti influenzale non ti dice che non la prendi ma che se la prendi √® leggera","B330"
3,3,3,2,"uomo del nj in ospedale con covid dopo essere stato completamente vaccinato.  ma almeno ha il suo passaporto, giusto? #earlytreatment is the key! link","B35"
1,1,1,0,"se un sanitario non si vaccina sta commettendo un reato? forse. ce lo spiega user","B148"
4,4,4,1,"covid-19. oggi 1.712 dosi di vaccino somministrate dall‚Äô asl di avellino. ‚Äì retesei |¬†link link","B140"
3,3,3,2,"‚Äúlo scopo principale della vaccinazione non √® di ordine sanitario‚Äù link","B186"
3,3,3,2,"i pazzi under 50 che si fanno astrazeneca vanno fermati! governo di assassini!!!","B228"
4,4,4,1,"covid. al via due studi dell‚Äôiss per il monitoraggio immunologico post vaccinazione in¬†italia link","B450"
1,1,1,0,"buongiorno user e roby!  finalmente ho smaltito il vaccino e oggi posso essere con voi come sempre!  #frenchgp üá´üá∑ #moto3 #motorzn user_it","B142"
1,1,1,0,"user inoltre a fronte degli anziani over 80 e dai 70 ai 79 anni che √® la fascia meno vaccinata e qui bisogna correre davvero bisogna fare una vaccinazione parallela con farmacisti cliniche privati per la popolazione pi√π giovane dai 18 anni in su che √® fondamentale vaccjnare","B429"
4,4,4,1,"bergamo e brescia l‚Äôannuncio di bertolaso: da domani vaccini a 30 mila persone over 60¬†il bollettino: 318 i morti - a brescia 901 casi - #bergamo #brescia #l‚Äôannuncio link link","B331"
1,1,1,0,"#pfizer, ""uno dei vaccini pi√π efficaci nella storia della medicina"". link","B155"
4,4,4,1,"vaccini: quasi 30mila dosi somministrate nell'oristanese link","B83"
3,3,3,2,"user uguale per noi. i miei figli gi√† mi dicono che se per uscire devono essere vaccinati lo faranno. questo √® il messaggio che passa dai media con la lingua felpata.","B263"
1,1,1,0,"üîµ ""si riprende con tutti i #vaccini. si pensa a privati e anche #farmacie. tutto come detto. errori sono stati commessi eccome e lo √® stato sospendere. errori nazionali. campagna e pass #ue sono la via sana e giusta""  user üéôÔ∏è #nonstopnews link","B54"
4,4,4,1,"**covid: cottarelli, ‚Äòpass? perch√® un nuovo documento? basta burocrazia‚Äô**: roma, 18 apr. (adnkronos) - ""servono 2-3 mesi per creare il pass unico per chi √® vaccinato, non ha link","B371"
4,4,4,1,"vaccini: sileri,verosimile ripeterli ogni¬†anno link","B204"
3,3,3,2,"studio scientifico vaccini covid-19 .. forte risposta immunitaria infiammatoria, compresi polmoni e fegato .. . .. affaticamento, mal di testa, brividi, dolori muscolari, febbre e dolori articolari .. . .. intense reazioni infiammatorie e trombotiche .. link","B473"
3,3,3,2,"user user_claudio prima, ogni morto, anche 100enne, oddio, morto per covid!! adesso, vaccinato che muore di covid, eeeh...ma cosa vuoi che sia, era vecchio, aveva patologie pregresse!  mammamia che ipocrisia!!","B515"
3,3,3,2,"user un po' come quelli che volevano che i non vaccinati pagassero le eventuali cure di tasca propria, proprio delle merdacce, eh? facciamo allora che i vaccinati si paghino il vaccino e le cure di tasca propria, cos√¨ imparano.","B284"
1,1,1,0,"user se √® contrario al #greenpass, che √® tutt'altro che strumento valido, ci sono buone possibilit√† che non sia vaccinato. il che √® davvero triste. #barbero","B28"
2,2,2,3,"dico la verit√†: sono sempre stata pro vaccinazione ma ora che si sta avvicinando il mio turno e che continuo a leggere tutti i problemi seri a giovani donne (un'altra ragazza √® morta!) mi sto letteralmente, scusate il francesismo, cagando sotto.  #astrazeneca #vaccinoanticovid","B451"
1,1,1,0,".... aspettando il turno per il vaccino ma porca troooota perch√© al mio comune fan tutti schifo aooooo datelo a tutti wtf","B182"
4,4,4,1,"covid, al via le vaccinazioni per caregiver e familiari di soggetti fragili: ecco chi rientra nella categoria link","B179"
1,1,1,0,"tra due ore mi vaccino link","B25"
1,1,1,0,"a questo punto per√≤ c‚Äô√® da aspettarsi anche il titolo ‚Äúmuore all‚Äôimprovviso, una settimana fa aveva prenotato il vaccino #astrazeneca‚Äù link","B84"
1,1,1,0,"i free riders del vaccino, ovvero gli scrocconi di libert√† (di d. faraone) link #","B126"
4,4,4,1,"user gi√† che siamo in argomento qualcuno potrebbe spiegare perch√© la user √® penultima per la vaccinazione degli ultraottantenni affidata fin da subito  e giustamente ai medici di famiglia? user user","B238"
1,1,1,0,"vaccinato questa mattina 08 00  prima dose con  pftruser  puffazer..... pitzifur  pizziffer   vabbe' so vaccinato üòÇüòÇüòÇüòÇ  #pfizervaccine","B30"
1,1,1,0,"ùêíùêûùêßùê≠ùê¢ùê´ùê¨ùê¢ ùê´ùêûùê¨ùê©ùê®ùêßùê¨ùêöùêõùê¢ùê•ùê¢  per se e per gli altri! lo stato italiano e la situazione storica ci chiedono e ci impongono la #responsabilita attraverso la chiamata alla vaccinazione di massa.  #vaccini #covid19 #governoitaliano #pandemia  link","B224"
3,3,3,2,"cosa succeder√†? i dati #covid miglioreranno ancora e beccamorto user frener√†, incatenando e chiudendo il paese con l‚Äôavallo di user_chigi che la mena con i #vaccini. a quel punto user reagir√†? di sicuro il popolo insorger√† furiosamente. #dittaturasanitaria","B120"
4,4,4,1,"vaccini lazio, weekend open day astrazeneca over 40: iscrizioni aperte: sabato e domenica 15-16 maggio per i nati dal 1981 link link","B363"
3,3,3,2,"io non deploro chi si inocula il siero, se poi muoiono comunque di covid o di nessuna correlazione mi dispiace per loro. #sottilidifferenze","B421"
4,4,4,1,"new post: vaccinazioni over80: ecco i documenti da compilare e consegnare a schiranna e rancio valcuvia link","B358"
1,1,1,0,"user user_francesco user quindi non ti vaccini contro il tetano fino a che non muori di tetano perch√© in base alla tua esperienza personale il tetano non esiste. d'accordo.","B241"
1,1,1,0,"user l'unica (magra) consolazione che mi da questa psicosi, √® che presumibilmente la data della mia vaccinazione dovrebbe avvicinarsi in modo consistente per le  rinunce che arriveranno","B308"
1,1,1,0,"sii utile a te stesso e agli altri vatti a vaccinare. #vaccinatevi l'alternativa non c'√®","B57"
1,1,1,0,"user_lorenzo user user user se non sei vaccinato non entri nei luoghi pubblici non sali nei mezzi pubblici te ne stai per conto tuo e non calpesti il diritto degli altri a non subire la tua violenza sulla base di un presunto diritto che non esiste .","B305"
4,4,4,1,"user inutile inviare dosi di vaccino alle regioni che non riescono a farle.","B46"
3,3,3,2,"basta dittatura‚ùóÔ∏è, [24 lug 2021 alle 21:52] covid, codacons  chiede oggi ufficialmente la radiazione dall'albo per roberto burioni, che in un post ha definito ‚Äòsorci‚Äô coloro che non si sottopongono al vaccino augurando agli stessi gli ‚Äòarresti domiciliari  link link","B518"
