Annotator1	Annotator2	Annotator3	label	text clean	index
1	1	1	0	sono vaccinata ragaaaaa fanculo il covid	B346
3	3	3	2	per la nazionale di calcio, suonano la trombetta e si imbestialiscono se non vince. per la loro vita e quella dei loro figli massacrata da vaccini sperimentali e mascherine, no. la punizione √® pi√π che meritata.	B508
1	4	1	0	user il green pass e' una misura ipocrita e sgangherata. rendere il vaccino obbligatorio sarebbe stato piu' dignitoso.	B293
4	1	1	0	"vaccini, von der leyen: 'almeno 3 mesi per il passaporto ue'   ""vogliamo un passaporto verde a livello ue col quale si possa viaggiare liberamente, per affari e per andare in vacanza, oltre a godere finalmente di eventi culturali, e altro""  link"	B486
5	1	5	1	user user_iacoboni la met√† dei no-vax che ho tra i contatti √® grillina	B334
6	3	3	2	fa il vaccino pfizer alle 14 45 muore alle 16,30   link	B76
1	1	1	0	user_onnis la vaccinazione (soprattutto quella con vaccino a mrna) abbatte fino al 90% la trasmissione della malattia. tu racconti balle.	B348
4	4	1	0	"vaccini fuori lista, in procura a bari primi interrogatori. il legale: ""sono stati chiamati, nessuno ha saltato la fila"" link  vergogna #infiltrati e #saltafila!!!"	B227
1	4	1	1	user le persone che rientrano nelle categorie definite fragili in che modo possono accedere al vaccino prima degli altri?nessuno lo dice!	B382
1	1	1	0	grandissimi pezzi di ceüöΩsse unitamente a tutti i üçíoni no vax che vivete nella nostra sicilia--  ci siete riusciti siamo primi per contagi e ultimi per vaccinazioni da luned√¨ 30 saremo di un bel colore giallo! guardatevi allo specchio e ‚Ä¶.ü§ßü§ß link	B98
3	3	3	2	user user_lz user user user_claudio user_marco bhe devo dire che questa ‚Äúcorrezione di fake news‚Äù fa molto ridere.  il vaccino immunizza solo per poche settimane? no, in realt√† solo per pochi mesi. sai che differenza üôÑ	B309
4	4	3	1	"user user_it user user gentile sig. #calenda, spiace vedere che pur di farsi pubblicit√† lei sia disposto a scendere a cos√¨ bassi livelli. non pu√≤ non capire che la frase ""il vaccino rende liberi"" √® davvero infelice. protesti contro coloro che la utilizzano, non contro chi ne fa notare l'inadeguatezza."	B462
3	5	6	2	user hanno vaccinato le pecore purtroppo per loro sono rimasti i lupi	B316
4	4	4	1	un nuovo articolo: (vaccini covid, da domani in sicilia prenotazioni per i ragazzi dai 12 ai 15 anni) √® stato pubblicato su: tempo stretto - ultime notizie da messina e reggio calabria - link link	B59
1	1	1	0	user l'unica (magra) consolazione che mi da questa psicosi, √® che presumibilmente la data della mia vaccinazione dovrebbe avvicinarsi in modo consistente per le  rinunce che arriveranno	B308
5	4	4	1	ma se non si fanno le foto appena fatto il vaccino non funziona ?	B311
4	4	4	1	asl na 2 nord, stop alle prime dosi per mancanza di¬†vaccini link	B78
4	1	3	0	user user user_scientists ho letto banchi a rotelle e mi sono venuti i brividi... certo in teoria sarebbe meglio non buttare soldi. il problema vero di reithera √® di essere un vaccino tradizionale, non rna. se il risultato √® un altro az o jj che non vorr√† nessuno, tanto vale fermarsi e investire in rna	B112
4	4	4	1	vaccini: quasi 30mila dosi somministrate nell'oristanese link	B83
3	3	3	2	covid, la pediatra angelina farella: ‚Äúpensare di sottoporre i bambini a questo tipo di vaccini √® un crimine‚Äù: link	B296
6	4	1	1	rivolto a chi si riconosce! brutti stronzi! adesso che la lombardia e le regioni di destra sono prime nelle vaccinazioni, non dite pi√π nulla? link	B226
3	3	3	2	user user i testimonial come lui  e  affini dovrebbe pubblicare i titoli anticorpali prima e dopo il vaccino. cos√¨, giusto per confermare che sbadatamente  loro non abbiano ricevuto il placebo .lo facciamo perch√© ci teniamo tanto alla loro salute e alla scienza	B74
3	3	3	2	user user user user non so in quanti sopravviveremo a  altri due anni di vaccini !!??!?üò±üò±üò±‚Ä¶ e lo avevano detto ‚Ä¶siamo in troppi al mondoüò°üò§üò§	B217
4	4	1	1	ü§°l‚Äôuniversit√† che tramite email rimanda la somministrazione del vaccino a data da stabilire il giorno prima, letteralmente 10minuti prima del mio arrivo (sono fuorisede), dopo 2h di treno e 9,60‚Ç¨ di biglietto di sola andata ü§°	B425
6	3	3	2	nessuna correlazione, ma un nesso c' √®.  a chi √® morto un caro ucciso dal vaccino non girano le palle neanche un po'?	B141
3	3	1	2	"user ""il vaccino √® il futuro"" ""mi farei iniettare anche petrolio pur di poter tornare libero""  questi sono due esempi di cose che hanno udito le mie povere orecchie"	B14
1	1	1	0	"#pfizer, ""uno dei vaccini pi√π efficaci nella storia della medicina"". link"	B155
3	3	3	2	user user l obbligo del vaccino preclude solo se vi e' una pandemia,fatto e ke se si cerka sul web ilvirus sarsa nn e pandemico perke nn letale ,xessere letale ki e contagiato deve morire ,invece il sarsa ,nn e letale colpisce i + emaciati con altre patologie e vecci over 80	B279
5	4	4	1	mentre le #bigpharma registrano guadagni da capogiro, il #wto si incontra per parlare della sospensione dei #brevetti sui #vaccini anti #covid. ecco cosa potrebbe succedere senza un accesso equo ai vaccini #covax #omc #oms link	B369
1	1	1	0	√® assurdo come i novax riescano a mettere in correlazione la morte di #raffaellacarr√° con il vaccino. sono da tso ormai. fermateli.	B162
3	3	3	2	docente in gravi condizioni al policlinico, le era stato somministrato astrazeneca: scatta la segnalazione all'aifa link	B435
4	4	4	1	"vaccini, marco rizzo-pc: +√® la guerra dei vaccini, sputnik dato che √® russo non si pu√≤ dare+"" link 54"	B230
3	4	3	2	@_cieloitalia user ma magari lo ha detto per evitare di essere bollato come novax. ci stava il paladino che era pronto a sbavare.	B479
4	3	3	2	user user zone rosse ora con questo caldo. l'anno scorso i vaccini non c'erano e ora che ci sono √® la stessa minestra. ma andate a caxare.	B37
4	4	4	1	#vaccini anti #covid19 in italia, aggiornamento del 11/04/2021 ore 11:28 andamento delle somministrazioni per classe di et√†. #covid_19 #vaccinaitalia #astrazeneca #coronavirus #pfizer #modernavaccine link	B375
4	4	4	1	i 2 decessi registrati oggi si riferiscono a  ‚Ä¢ 2 donne di 80 e 83 anni  erano residenti a scandiano e vetto d'enza  üíâieri sono state vaccinate 1.141 persone, oggi ne erano programmate 750	B507
3	3	3	2	sono simpaticissimi questi provax .	B65
3	3	3	2	basta dittatura‚ùóÔ∏è, [24 lug 2021 alle 21:52] covid, codacons  chiede oggi ufficialmente la radiazione dall'albo per roberto burioni, che in un post ha definito ‚Äòsorci‚Äô coloro che non si sottopongono al vaccino augurando agli stessi gli ‚Äòarresti domiciliari  link link	B518
1	4	1	0	"user oggi la vita degli anziani ha un vaccino. fine. anzi no, facciamo che per chi ritarda il vaccino agli anziani vale la canzone di de gregori: ""perdona tutti quanti tranne qualcuno"""	B315
4	3	3	1	"manifestazione dei ""no green pass"" a milano: circa mille persone sfilano per le vie del centro al grido di ""non sono vaccini, ma sieri assassini"" - il fatto quotidiano link"	B3
4	1	1	0	"oggi comunque √® stata una bella giornata: sono andata a salutare le mie asinelle, poi sono stata dalla nonna (con tutte le dovute distanze e precauzioni anche se ha fatto il vaccino ieri) e io e la zia abbiamo fatto una ""passeggiata"" per il paese con il cane ‚ô•Ô∏èü•∫üôèüèª"	B117
6	4	4	1	2 vaccini, gb sperimenta immunizzazione	B519
3	3	3	2	user √® legittimo essere contro il vaccino. non buttare fumo negli occhi.	B143
4	4	4	1	stop a 8000 prenotazioni al vaccino astra zeneca dall'asl toscana sud est link	B145
5	1	1	0	che bello sarebbe, se ci fosse un vaccino contro il covidooooooh wait!	B73
4	4	1	1	imprenditore della provincia di #perugia si sarebbe vaccinato fingendosi un dipendente scolastico, ma √® stato scoperto e deferito alla procura della repubblica insieme alla moglie, accusata di essere stata sua complice.	B495
4	4	4	1	"geopolitica dei vaccini - mappa mundi"" link 40"	B303
4	4	4	1	covid. al via due studi dell‚Äôiss per il monitoraggio immunologico post vaccinazione in¬†italia link	B450
3	3	3	2	"user consiglio di seguire lui üëá l'inventore del mrna messaggero e molto critico sulle scelte vaccinali e politiche che non considerano gli studi e la famosa ""scienza"" link"	B319
4	4	4	1	user inutile inviare dosi di vaccino alle regioni che non riescono a farle.	B46
3	3	3	2	user finitela di fare disinformazione! in ospedale oltre al #greenpass richiedono tampone negativo per assistenza post-parto‚Ä¶ quind il vs. #greenpass e le vs. vaccinazioni non servono ad un cazzo!	B431
4	4	4	1	europei e vaccini: s√¨ di italia e belgio, no dell‚Äôinghilterra. caos in spagna, libera scelta per francia e¬†svizzera link	B365
1	5	4	1	non mi interessa quale vaccino mi fanno. mi piacciono sia la pfeiffer che la johansson.	B266
5	4	4	1	"sondaggio dentro la redacione di  ""la repubblica"" non √® uno scherzo l√¨ son cos√¨.....anche gi√† tutti vaccinati!"	B302
4	4	4	1	#vaccini anti #covid19 in italia, dosi somministrate su base quotidiana. dosi somministrate il 11/05/2021 : 429.134 media mobile a 7 giorni: 465.570 #covid_19 #vaccinaitalia #astrazeneca #coronavirus #pfizer #modernavaccine link	B44
4	1	1	1	vaccini in sardegna, ieri oltre 13 mila somministrazioni e 60 mila prenotazioni link	B40
5	1	5	0	razza di mongoloide ‚Ä¶ discriminazione?!  un vaccino accessibile a chiunque gratuitamente ‚Ä¶ vai a cagare	B414
3	3	3	2	i dati che preoccupano l‚Äôinventore del vaccino mrna (imprtanti e vietati ai virologi da tv) link #news #feedly	B420
4	4	4	1	vaccini, in piemonte si risolve il rebus dell'appuntamento per l'iniezione [di sara strippoli] [aggiornamento delle 08:00] link	B221
1	4	4	1	user user user_claudio un virus muta in modo casuale a prescindere dai vaccini, e le varianti pi√π contagiose diventano dominanti. le vaccinazioni sono iniziate in uk in dicembre, link la variante alpha fu scoperta in novembre da campione preso in settembre. link	B343
4	1	1	0	il generale figliuolo dovrebbe chiedere scusa al popolo italiano   tante mostrine , pochi vaccini	B0
4	4	4	1	vaccini: da luned√¨ le prenotazioni dei cinquantenni. 85mila dosi al giorno ‚Äì ballabio news ‚Äì quotidiano online di ballabio, morterone e piani dei resinelli link	B487
1	1	1	0	via libera dell‚Äôema, il vaccino astrazeneca √® sicuro ed¬†efficace link	B524
4	4	1	1	vaccini, #armi in regalo a chi si inietta una dose: l'iniziativa del west virginia per convincere i no vax link	B373
3	3	3	2	user_claudio appunto perch√© non si tratta di vaccino ma di una sperimentazione sull'uomo, sono dei veri tentativi di omicidi.	B85
1	1	6	0	ho letto abbastanza cazzate su #dedonno da parte di fascisti e novax.  adesso che lui ha compiuto l'estremo gesto, queste bestie cominciano con il solito tam tam complottista.  almeno per rispetto dell'uomo tacete una buona volta. strumentalizzatevi sto cazzo.	B31
4	4	3	1	covid. l'assenza per effetti collaterali da vaccino, √® malattia o infortunio? link	B245
3	3	3	2	persino la dottoressa bolgan trova che l'unico modo per uscirne sia la disobbedienza civile. i vaccini sono l'opposto di quello che vogliono farci credere. link	B403
4	1	1	0	impoante risoluzione del consiglio d‚Äôeuropa : vaccini per tutti senza discriminazioni di ogni genere link	B115
4	5	1	1	angela da mondello si √® vaccinata! cos√¨ finiscono i miti!	B488
1	1	1	0	ùêíùêûùêßùê≠ùê¢ùê´ùê¨ùê¢ ùê´ùêûùê¨ùê©ùê®ùêßùê¨ùêöùêõùê¢ùê•ùê¢  per se e per gli altri! lo stato italiano e la situazione storica ci chiedono e ci impongono la #responsabilita attraverso la chiamata alla vaccinazione di massa.  #vaccini #covid19 #governoitaliano #pandemia  link	B224
1	1	1	0	¬´sono un ragazzo vaccinato¬ª, jovanotti gioisce su facebook link	B469
4	4	4	1	in arrivo i primi 40 mila green pass per i valdostani vaccinati contro il covid link	B397
1	4	1	0	l'idea per il futuro di creare un vaccino che possa proteggere contemporaneamente da pi√π coronavirus e pi√π varianti del sars-cov-2. lo studio, in una fase molto iniziale e su animali, ha mostrato primi risultati favorevoli. link	B446
3	3	3	2	link la proteina spike entra in circolo nel sangue e forti percentuali sono state riscontrate nella milza, nel cuore e nelle ovaie di coloro che si sono sottoposti al vaccino. un gruppo campione di 13 sanitari. 11/13!	B430
5	4	4	1	le manifestazioni antivax e il green pass link	B287
4	4	3	1	user basta guardare i dati uk la delta non √® per nulla la pi√π letale,alpha e beta la surclassano,la beta ha solo percentuale decessi maggiore nel campione tra i vaccinati,ma nel computo generale tra letalit√† pi√π bassa.ü§¶	B452
1	1	1	0	i dati della nuova #campagnavaccinale testimoniano il cambio di passo: in un mese, da 60mila somministrazioni giornaliere a oltre 250mila e abbiamo ampliato platea vaccinatori e punti vaccinali (+30% in un mese). ne ho parlato ieri su user link	B4
3	3	3	2	user tranqi che col vaccino ci dimezzano	B121
3	3	3	2	user user user user guarda che √® pieno di fully vaxxed che si beccano il covid lo stesso. se poi ci aggiungi gli effetti avversi...vedremo da ottobre contro le varianti, quale sar√† la reale efficacia. in gb stanno gi√† aumentando i casi e hanno un numero di vaccinati altissimo.	B406
4	1	1	0	con l‚Äô85% degli over 60 vaccinati, israele ha registrato un calo del 77% dei casi covid. studio nature su medical facts link	B161
6	4	4	1	voi vi lamentate dei #novax ma al mondo ci sono persone che in tre ordinano una bottiglia di vino da 0.375...  #cuccioli	B380
4	4	4	1	vaccino o certificato di negativit√† per chi arriva in sardegna: la proposta link	B53
3	3	3	2	nashville : giovane donna immobilizzata in un letto di ospedale ad una settimana dal vaccino pfizer, senza la possibilit√† di muovere le gambe	B91
3	3	3	2	uomo del nj in ospedale con covid dopo essere stato completamente vaccinato.  ma almeno ha il suo passaporto, giusto? #earlytreatment is the key! link	B35
3	3	3	2	user user gratuito o cazz ,lo paghiamo anche sulla assicurazione rca. e poi a tutti i vaccinati che ribeccano  il virus ......gli facciamo pagare anche il costo del flaconcino di merda che si iniettano?	B417
4	4	4	1	"gds: ""#sicilia. vaccini in farmacia, si parte il 15 luglio"" link"	B64
2	1	1	0	condivido in pieno... se c'√® qualcosa che bisogna sapere che venga fuori subito! aggiungo: in uk hanno vaccinato 12m di persone con az, ora capisco che gli inglesi siano stoici e pragmatici mentre in europa siamo un p√≤ chiagnoni ma escludo che abbiano sotterrato i morti!	B240
3	3	3	2	user user_claudio prima, ogni morto, anche 100enne, oddio, morto per covid!! adesso, vaccinato che muore di covid, eeeh...ma cosa vuoi che sia, era vecchio, aveva patologie pregresse!  mammamia che ipocrisia!!	B515
4	4	4	1	brasile. al via campagna ‚Äúvaccini nel braccio e cibo nel piatto‚Äù | radio m modica link	B232
3	1	3	2	medico: ‚Äúastrazeneca causa coaguli di sangue‚Äù. norvegia non riprende¬†vaccinazione link	B428
3	3	3	2	"user ""forzare"", il governo e le istituzioni vogliono forzare un vaccino sperimentale e pericoloso nelle persone. buttate fuori questi delinquenti fascisti!!!"	B335
3	3	3	2	user user_andme qualcuno vorrebbe escludere i cittadini non vaccinati dal #ssn. va bene, pero' non saremo piu' tenuti a versare tasse e contribuzioni e ci rivolgeremo al privato. alla fin dei conti gia' succede: per una visita col ssn mesi di attesa...privatamente domattina alle ore 8.00 !!!	B39
6	3	3	2	user_grim vogliamo ricordare la diretta televisiva della processione natalizia del vaccino che ha attraversato il brennero e poi √® arrivato a roma? giorni e giorni di giubilo perch√© ormai si vedeva la luce in fondo al tunnel. ecco, tre mesi dopo eccoci qua nel caos totale.	B66
1	4	1	0	"# user: covid, figliuolo: ""obiettivo tutti vaccinati entro l'estate"" link"	B9
1	1	1	0	credevo di aver bonificato i miei follower, e invece ‚Ä¶ ‚Äòsti novax spuntano come scarafaggi di notte	B295
3	3	3	2	#vaccinazioni #greenpass   chi si √® vaccinato si √® assunto consapevolmente dei rischi firmando una liberatoria. benissimo, dunque in base al ragionamento dei fanatici dei vaccini, le reazioni avverse vengano curate solo a pagamento.  #ultracorpi #iostoconborghi	B341
4	4	3	1	user_s in austria bloccano abv5300 del vaccino #astrazeneca link	B258
5	3	3	2	l'#europa (450 milioni di abitanti( prenota 1.8 miliardi di vaccini...mettiamoci l'animo in pace, ce ne toccano 4 a testa per i prossimi anni!	B444
1	4	1	0	user prenotato il 17 maggio e vaccino il 20 giugno e fuori dal comune nonostante abbiano aperto un centro vaccinale prima della prenotazione...	B506
1	1	1	0	comunque ieri sera l‚Äôhost del nostro b&amp;b ci ha seriamente detto che non fa il vaccino perch√© a sua sorella adesso rimangono le chiavi attaccate addosso. non ne usciamo.	B211
3	3	3	2	user user √® esattamente cos√¨. mi piacerebbe poi sapere quanti decessi per coronavirus e quanti invece con coronavirus. ma queste informazioni non le sapremo mai, importante √® negare che il vaccino sia potenzialmente pericoloso.	B402
3	3	3	2	vaccini covid, morte sospetta di un docente: il piemonte sospende astrazeneca #calabrianotizie #newscalabria link	B484
3	3	3	2	üáÆüáπ #coronavirus #vaccinazione  troppi dubbi‚ÄºÔ∏è  intanto grazie ai ricatti la sperimentazione continua e in autunno avremo i risultati	B442
1	1	1	0	tutti voi che state ironizzando sul #deltaplus #deltavariant... ma l'avete fatta almeno una dose di vaccino? no perch√© nel caso non sareste nella posizione giusta per fare dello spirito.	B32
5	4	3	1	"mio padre mi ha salutato questa mattina con ""mi sa che non andremo a venezia il *data mio vaccino*, temo saranno costretti a sospendere astrazeneca.""  l'ottimismo √® il profumo della vita e il buongiorno si vede dal mattino!"	B333
4	4	4	1	vaccini: sileri,verosimile ripeterli ogni¬†anno link	B204
1	1	1	0	ma quindi abbiamo davvero bloccato un vaccino per 30 trombosi su 5 milioni di vaccinati? #astrazeneca	B60
1	1	1	0	vaccinare o no i minori contro il covid? interessante questo articolo ‚¨áÔ∏è a fronte di un aumentato, ma limitato rischio di miocarditi (2 su 100 mila), ci si protegge da un rischio ben maggiore di sindrome multisistemica infiammatoria e di miocardite stessa  link link	B157
1	5	3	0	user_en scusate visto che vivo in un paese di merda e l'ue √® peggio, politic parlando, posso io italiano ed europeo vaccinarmi comprando dall'estero il biglietto? penso che lo sputnik sia il miglior vaccino sul mercato in questo periodo. grazie i love russia‚ù§‚úå	B322
1	1	1	0	l‚Äôok alla presenza di spettatori alle gare di #uefa2020 allo stadio #olimpico √® un gran bel segnale di #speranza (maiuscolo e minuscolo). ora, per√≤, urge un protocollo rigido del #cts e, soprattutto, un‚Äôaccelerazione nelle #vaccinazioni. altrimenti sar√† l‚Äôennesimo, vuoto proclama	B160
3	5	3	2	"ecco la prima denuncia contro la rai per la disinformazione su vaccini e cure domiciliari"" link 8"	B445
1	1	1	0	user chi sceglie di non vaccinarsi √® come quello che non rispetta il divieto di sosta e di fermata nei giorni di mercato. chi si √® vaccinato ha pagato il suolo pubblico e si √® iscritto alla camera di commercio, e loro ne approfittano a sbafo.	B222
3	3	3	2	prato muore durante la tac. aveva fatto vaccino due giorni prima disposta l‚Äôautopsia - #prato #muore #durante #aveva #fatto link	B235
2	4	4	1	ma quindi il vaccino immunizza? chi si vaccina pu√≤ anche togliere la mascherina e non rispettare la distanza?	B185
4	4	4	1	da luned√¨ 7 giugno verr√† sospesa l'#attivit√† per la somministrazione del vaccino anti-#covid presso l'#ambulatorio distrettuale della asl 3 in via xii ottobre a #genova. l‚Äôattivit√† #vaccinale, si legge nella nota dell'#asl, ‚Äúproseguir√† presso l‚Äô#hub della #fiera del #mare. link	B178
4	4	4	1	covid, vaccini in farmacia, regioni a 2 velocit√†: da val d'aosta a calabria. la situazione link	B327
1	1	1	0	mi hanno convocata per il vaccino e so felice	B521
4	4	4	1	#vaccini, l'italia procede a rilento? com'√® la situazione in altri paesi #ue? ora su user: fabrizio pregliasco user, don pietro sigurani e user_anfossi di user_cristiana. link link	B251
4	1	1	1	lombardia, gi√† 270.170 over 50 hanno prenotato il loro vaccino anti covid: oggi le prime iniezioni link	B116
4	4	4	1	"#covid_19, speranza:""attese almeno 50 milioni di dosi di #vaccini‚Äù. il ministro della salute: pressing quotidiano sulle aziende‚Äú #17marzo link"	B288
4	4	4	1	vaccini lazio, weekend open day astrazeneca over 40: iscrizioni aperte: sabato e domenica 15-16 maggio per i nati dal 1981 link link	B363
3	4	6	1	sul mio pianeta ideale,  gli #istigatori alla violenza che nei #mediaspazzatura offendono, minacciano e incitano all'odio, vivrebbero a 666 metri di altezza, con vento forza 4, in punta di piedi su uno spago, in perenne equilibrio instabile.   #telegram #novax link	B207
4	5	1	0	a ora che il vaccino sar√† disponibile per me lo venderanno a 2 euro e 50 dal tabaccaio	B177
3	5	3	2	brutti ignoranti buzzurri, la cura √® una sola(o s√≥la) il vaccino, anche se non funziona.	B497
1	1	1	0	"pensiero per chi si lamenta della cessione di vaccini agli ""stati poveri"": in un pianeta globalizzato la strategia di vaccinazione deve essere strategica. la circolazione di persone √® continua e inarrestabile. l'immunizzazione deve essere globale. il buon cuore non c'entra nulla."	B483
4	4	4	1	#cronaca #ultimenotizie vaccini in aziende, 2mln #astrazeneca in frigo - link - #tifosi #vaccino link	B159
4	4	1	1	auguro vacanze all'insegna della dissenteria per tutti quelli che si son vaccinati scavalcando anziani, immunodepressi e malati cronici.	B55
1	1	1	0	tu provi a far finta di niente, a mantenere la calma poi sti novax si paragonano agli ebrei durante la seconda guerra mondiale e ti vien voglia di prenderli a sberle tipo mulino a vento.	B38
3	3	3	2	quando la finiranno di dire falsit√†? l'hosempre detto e sostenuto. 1 il vaccino per virus che mutano non serve. 2 il #covid19 si cura benissimo a casa 3 siamo comunque al 70% di vaccinati ma in pratica siamo messi peggio della scorsa estate?liberi tutti!   link	B395
3	3	3	2	user e‚Äô quello a cui puntavano fin dall‚Äôinizio (ma era roba da complottisti). il test √® inaffidabile ed √® un trattamento medico che nessuno pu√≤ imporre alla persona, tantomeno il vaccino. il #passaportovaccinale possono metterselo in quel posto.	B87
1	1	1	0	user vaccinazioni non se ne parla manco morti?  il lockdown √® l'alternativa al vaccinarsi ... senza vaccini si va in lockdown ... con i vaccini il lockdown √® una inutile vacanza!üò°	B79
5	4	1	1	i #magistrati se ne fottono di anziani e fragili, vogliono i #vaccini per se stessi. una casta pi√π pericolosa di altre.	B366
1	1	1	0	‚Äúvaccinari √® megghiu di futtiri‚Äù	B196
5	1	1	0	user user il 40% di ricoverati √® vaccinato non vuole dire che il 40% di vaccinati √® ricoverato. le due affermazioni sono molto diverse! mi sembra che in tanti stiano equivocando‚Ä¶	B355
3	3	3	2	user user user user io non  ho mai parlato di sieri e non √® il termine che conferisce o meno la funzionalit√†. sto dicendo altro, ovvero che i vaccini sono tutti sperimentali per cui non si conoscono gli effetti a medio e lungo termine, mentre a breve vediamo decessi e ricoveri eccessivi...	B424
2	4	1	1	user user ma lo vogliamo capire che il virus non verr√† sconfitto dai vaccini ,che servono per evitare di prendere il covid in forma lieve o comunque non mortale	B350
4	4	4	1	#vaccini domani, 5 maggio, sul portale della regione #toscana aprono le agende per prenotare il johnson&amp;johnson per chi ha pi√π di 65 anni link user	B92
1	1	4	0	sto pensando ai vaccini! link	B172
6	3	3	2	penso che sia questione di tempo poi verra‚Äô fuori davvero lo schifo che sta dietro questi presunti vaccini!!!	B164
3	4	3	2	hanno fatto questo video perch√© la nazionale italiana ha vinto e la campagna di vaccinazione sta andando male.link	B490
4	4	4	1	libero e il giornale si sono allineati. la verit√† resta novax. link	B392
4	4	4	1	vaccino anti-covid, online il portale regionale per la registrazione degli estremamente vulnerabili link	B225
4	4	4	1	coronavirus, a matera continuano le vaccinazioni senza prenotazione link	B471
4	4	4	1	vaccini napoli, 40 giorni per richiamo pfizer e¬†moderna link	B389
3	3	3	2	user_biasi attenzione leggi bene quello che ho scritto non parlo del vaccino ma dei lotti a cui si fa riferimento se casi simili sono successi in diversi paesi europei il problema non √® in un singolo lotto ma in uno degli eccipienti nella formulazione di questo vaccino	B361
1	1	1	0	user inoltre a fronte degli anziani over 80 e dai 70 ai 79 anni che √® la fascia meno vaccinata e qui bisogna correre davvero bisogna fare una vaccinazione parallela con farmacisti cliniche privati per la popolazione pi√π giovane dai 18 anni in su che √® fondamentale vaccjnare	B429
1	1	1	0	user user_francesco user quindi non ti vaccini contro il tetano fino a che non muori di tetano perch√© in base alla tua esperienza personale il tetano non esiste. d'accordo.	B241
4	4	1	1	new post: leggi la notizia! in vista obbligo vaccinale per sanitari no vax: pena la link #veneto #notizie #news	B96
1	1	1	0	"il vaccino limita i rischi e basta, sta cosa di ""√® inutile che mi faccio il vaccino tanto sono tutti vaccinati "" √® una stronzata"	B367
3	3	3	2	cio√®, tutti sti soldi spesi per vaccini (in via di sperimentazione) servono solo ad arricchire bigpharma. altro che giornate della memoria... üí£üí£	B277
4	4	4	1	ecco come prenotarsi per ricevere il #vaccinoanticovid.  link	B285
1	4	1	1	user regione marche: liste  per caregiver ad oggi, per i comuni disabili gravi, ancora non aperte, stando al sito della regione, ma  i furbetti del vaccino (es. un avvocato),  sono stati vaccinati nei giorni scorsi pronunciando semplicemente la parola ‚Äúcaregiver‚Äù.	B318
3	3	3	2	user_claudio grazie per la solerzia con cui ha verificato la segnalazione. e adesso che si fa? a parer mio questa cosa √® gravissima, dimostra la malafede che circonda il vaccino in italia e l‚Äôistituzionale ostilit√† nei confronti di chi sceglie di non farsi iniettare un siero sperimentale	B321
1	1	1	0	ad ottobre, quando ci rinchiuderanno nuovamente, ricordate che quel 30% in meno di efficacia del vaccino pu√≤ comunque fare la differenza! quindi vaccinatevi! perch√© anche per delta, con il vaccino per lo meno non muoio, senza non so! sappiatelo! #greenpassobbligatorio #pfizerdown	B163
2	4	1	1	user_pallina user i vaccini non ti impediscono di contrarre il virus, impediscono teoricamente di avere effetti avversi ad esso.	B500
4	4	4	1	user_fenzi se il cognato di fontana avesse prodotto vaccini, i lombardi sarebbero gi√† tutti vaccinati	B110
3	5	3	2	il vaccino lo farei a loro! veramente √® non per finta! üëéüëéüëé	B470
1	1	1	0	se un sanitario non si vaccina sta commettendo un reato? forse. ce lo spiega user	B148
1	1	1	0	i free riders del vaccino, ovvero gli scrocconi di libert√† (di d. faraone) link #	B126
1	1	1	0	user user gli operatori sanitari novax debbono essere licenziati in tronco per evitare rischi per gli altri	B144
1	4	1	0	user #de luca si √® vaccinato per vincere i timori delle persone. lo ha fatto sotto i riflettori. se voleva fare il furbo lo avrebbe fatto di nascosto. se fosse stato in lombardia, i lombardi e tutti noi non avremmo assistito a questo schifo di amministratori incapaci ed inetti.	B461
4	4	1	1	festa: ‚Äúritardi nelle vaccinazioni. fuksas ha rinunciato al progetto dogana‚Äù  link link	B22
3	3	3	2	user user sul fatto che gli italiani non siano popolo bue ho molte riserve.  gente disposta a farsi vaccinare anche con l‚Äôacquaragia pur di andare in vacanza ‚Äúimmunizzati‚Äù e gi√† pronti a sacrificare anche i loro figli sull‚Äôaltare del dio vax.  popolo bue anche troppo poco per sta gente ..	B299
4	4	4	1	user mi piacerebbe essere contadino  in ogni caso in una comunit√† si pu√≤ esprimere il proprio gradimento o critica. e in una comunit√† europea non ha senso che ogni nazione vada per la sua strada tra vaccinazioni e chiusure. ci vorrebbe uniformit√†,oppure ciao europa	B21
1	4	1	1	"non una signora che dopo il vaccino se n'√® uscita con ""mah la seconda dose pu fistinu"" cio√® la festa patronale mi piscio addosso"	B368
1	4	1	0	user √® impossibile prenotarsi, dopo un giorno intero di tentativi ho rinunciato, a questo punto uno che vorrebbe il vaccino cosa deve fare? ci fosse almeno a pagamento.	B457
3	3	3	2	user user un passaporto per vaccini che hanno ottenuto solamente l'emergency use authorization, ovvero non ancora validati da fda, etc? se cosi fosse continuero' con il delivery, l'ecommerce e gli esercizi al parco o a casa. buona fortuna a tutti. link	B167
1	1	1	0	tra di noi ci sono moltissimi concittadini che sono nati in altri paesi e hanno bisogno di aiuto per prenotare il #vaccino. molti non chiedono per pudore. solo oggi ne ho prenotati tre per persone che conoscevo. talvolta la cosa pi√π scontata per noi non lo √® per gli altri.	B454
3	5	3	2	prima di covid, qualcuno ha chiesto se le infermiere erano vaccinate contro l'influenza? no, pensavo di no. eppure l'influenza √® mortale per certi gruppi di persone. l'#ipocrisia √® reale &amp; √® fastidiosa. gli amanti delle maschere hanno mostrato i loro veri colori. sono dei ...üëá	B97
3	3	3	2	detto questo figliuolo riceve ordini e li esegue. da lui non si cava un ragno dal buco. la vaccinazione dei minorenni √® un atto gravissimo, tirannico, figlio di una ideologia assurda ed inquietanta. purtroppo non bastano le buone maniere per far sentire il proprio dissenso.	B231
3	3	3	2	user brava barbara, a me hanno comunicato via sms che potevo prenotarmi per  vaccinarmi essendo secondo loro un soggetto fragile‚Ä¶.sono stato educato‚Ä¶.ma il mio vaccino lo lascio a speranza‚Ä¶.	B426
3	3	3	2	"user libro ""bambini super vaccinati"" capitolo virus a/h1n1. libro di una decina di anni fa. c'√® gi√† quasi tutto dentro, tutto quello che sta capitando. il pediatra esercita ancora privatamente. siamo in mano a dei lucidi criminali."	B325
3	3	3	2	107 euro al mese in pi√π per fare da cavie. perugia, poliziotta 43enne ricoverata dopo il vaccino astrazeneca link	B317
3	3	3	2	user_sibari user allora mi dica il vaccino e autorizzato alla vendita in emergenza ma rimane sperimentale fino al 2023  un obbligo da parte dello stato impone che lo stato stesso si faccia carico di eventuali danni rendendo superfluo il consenso firmato  chi pagher√†?	B201
4	4	4	1	covid, al via le vaccinazioni per caregiver e familiari di soggetti fragili: ecco chi rientra nella categoria link	B179
3	3	3	2	"""evidenzia una grande quantit√† di #asintomatici"" quindi, se il #vaccino eviterebbe il manifestarsi di sintomi gravi, a che cazzo serve davvero se ci son tutti sti asintomatici? c-r-i-m-i-n-a-l-i negazionisti della libert√† si sapeva,ora si sa neanche avvezzi alla logica #tagadala7"	B256
4	4	4	1	vaccini, figliuolo: ‚Äúin arrivo 5 milioni di fiale‚Äù. i numeri della campagna: un anziano su due √® immunizzato, prima dose al 45% degli over 70 link	B16
1	1	1	0	un giorno qualcuno disse: nessuno si salva da solo. quindi, se qualcuno che √® in procinto di farsi il vaccino #astrazeneka avesse intenzione di rifiutarsi, mi contatti pure, sarei ben lieto di prendere io il suo posto #vaccini	B525
4	4	1	1	l' #europa si √® dimostrata un fallimento anche per  l' approvvigionamento del #vaccino   #coffeebreakla7	B485
1	1	1	0	covid, persi oltre 9mila posti di lavoro in abruzzo: ‚Äúavanti spediti con campagna vaccini‚Äù link #abruzzo	B270
1	4	4	1	piano vaccini | la preoccupazione dei medici di base | ¬´sui pazienti fragili c'√® il rischio di una giungla delle priorit√†¬ª ‚Äì l'intervista link	B11
3	3	3	2	user non abbiamo dimenticato la morte di camilla mariani dopo il vostro open day della morte nonch√®, i tanti morti post vaccino da voi occultati. per voi ci vuole una nuova norimberga, dovete pagare per i vostri crimini, farabutti assassini link	B337
3	3	3	2	user siamo sempre guariti dalle polmoniti, le cure esistono.. √® di vaccino che si muore, e non ci sono storie, e non sanno nemmeno riconoscerlo tanto pi√π che essendo sperimentale dovrebbero verificare le cause dei decessi anzich√© catalogarli come ‚Äúmalore improvviso ‚Äú... vergogna..	B274
3	3	3	2	i pazzi under 50 che si fanno astrazeneca vanno fermati! governo di assassini!!!	B228
5	1	1	0	e difficile far capire loro quello che succede, solo con dei ricoverati novax pubblicare le loro foto. e forse capiranno anche sono manovrare da qualcuno di certo.  e bravi 'no-pass': urlano che vogliono la libe√† e ci fanno rischiare nuove chiusure link	B514
3	3	3	2	dott. de mari : spiega cosa fare se si attacca la calamita nel braccio dopo il vaccino link	B137
6	1	4	0	#quellavoltachedraghi trov√≤ un neurone nel cranio di un novax	B378
4	4	1	1	vaccini: fontana al via hub tra i pi√π imponenti deuropa -  #vaccini: #fontana #imponenti #deuropa link	B108
6	4	4	1	user insomma ho fatto il vaccino e comincia a farmi molto male il braccio quindi ho messo del ghiaccio √® per questo che rispondo ora scusami	B356
4	4	4	1	queste che vedete in fila sotto la pioggia sono decine di soggetti fragili in attesa del vaccino in fiera. basterebbero un paio di gazebo, ma la	B75
5	4	3	1	user coglione infame imbroglione ha votato a favore del passaporto vaccinale!!!!  infame lo sai che questo significa che l economia italiana croller√† a picco! perch√© i vaccini in italia non ci sono e non arrivano prima di natale  ! ci√≤ significa che  il turismo italiano √® morto! munez	B294
1	1	1	0	user user user parli per lei quando si riferisce a chi √® stolto non coinvolga gli italiani. milioni di morti in tutto il mondo ed ha ancora il coraggio di mettere in dubbio la necessit√† dei vaccini? per sua informazione poi tutti i paesi hanno acquistato vaccini comprese le locomotive europee	B215
3	4	4	2	"antidiplomatico:""non si tratta di pro-vax e no-vax"": la discriminazione come metodo educativo e la retorica dell'inclusione link 11"	B158
5	3	3	2	user lo avevo previsto. i vaccini saranno ritardati perch√© √® un modo cinico per sfoltire le societ√† dai vecchi pensionati. un gigantesco risparmio per le casse di tutti gli stati e un guadagno immenso per le maledette multinazionali farmaceutiche.	B297
5	4	4	1	anche roberta aveva detto di non parlare di harry perche questa serata era dedicata a louis  voi harries rovinate‚Ä¶ ‚Äî madonna ma tutto bene hai fatto il vaccino  link	B250
3	3	3	2	"le overdosi di vaccino‚Ä¶ (e dovremmo essere pure contenti)"" link 91"	B174
4	4	1	0	luned√¨ mi vaccino ma come caregiver (avevo prenotato un mese fa), che voi sappiate la seconda dose viene allungata comunque?	B376
4	4	4	1	covid, uno studio conferma: l‚Äôefficacia del vaccino mrna cala in 6 mesi link #saluteinforma #salute link	B404
4	4	3	1	user quello che fa veramente incaxxare √® che in sardegna, pretendevano assolutamente che tutti quelli che arrivavano fossero vaccinati! e loro non di vaccinano?	B20
6	3	3	2	aprite questa pagina e notate come i commenti ammessi sono solo quelli favorevoli a questa vergognosa iniziativa. e' censura vera e propria della libert√† di pensiero e di espressione perpetrata giornalmente dal user_it  #nazipass #nazivax  link	B166
3	3	4	2	medico in incognito parla dei vaccini covid link via user	B195
3	3	3	2	"user avvisiamo la signora merkel che la parola ""immunizzato"" per chi si √® vaccinato, non si pu√≤ pi√π usare.covid, contagiati in 20 su 360 sulla nave scuola amerigo vespucci, la marina militare:¬†¬´sono tutti vaccinati¬ª¬† link"	B436
3	3	3	2	"user chiss√† perch√® omettono sempre il fatto che c'√® stata una vaccinazione poco prima del decesso..""nessuna correlazione "" per√≤ se muori in un incidente stradale e sei risultato positivo(falso probabilmente, visto che fanno pi√π di 20 cicli di pcr) ,diventi magicamente un morto covid."	B419
3	3	3	2	quando pensate che user_italia siano liberali invece scopri che vogliono l' obbligo per i vaccini sperimentali chiss√† se user si far√† un bel astrazeneca?	B357
3	3	3	2	user eh ma i vaccini sono indispensabili, ci salveranno da questo terribile raffreddore, dopo che tutti avranno avuto almeno 5 dosi	B370
1	4	1	0	user_grim 1. per alcune categorie di lavoratori il vaccino (antitetanico) √® gi√† obbligatorio. 2. il datore di lavoro √® responsabile della salute dei lavoratori e rischia di andare sotto processo se qualche lavoratore si prende il #covid sul luogo di lavoro. continua	B499
4	4	3	1	analista della msnbc ridicolizzato per aver detto che il vaccino e‚Äô sembrato ‚Äúuna ondata di¬†euforia‚Äù link	B45
4	1	1	0	"il discorso non √® ""chi non chiude √® bravo"", perch√© se c'√® necessit√† si chiude. il discorso dovrebbe essere ""se decido di chiudere devo avere un piano a lungo termine (vaccini, riorganizzazione servizi, ristori..) altrimenti si sta solo prendendo tempo"	B501
1	3	3	2	tutti leoni e poi si cagano sotto...e fanno le corse per fare il vaccino	B193
3	1	4	2	covid, muore a 52 anni dopo il vaccino pfizer: richiesta autopsia | virgilionotizie link	B283
4	4	4	1	canavese - a che punto siamo con i vaccini anti covid nella nostra zona? i numeri dell'asl to4 e le prossime date da segnare sul calendario   link	B432
1	4	4	1	user_2022 ho aprezzato della conferenza stampa di #draghi mes: ‚Äúcon questi tassi di interesse non √® detto che convenga e poi serve per la sanit√†, oggi √® inutile‚Äù. ‚Äúsui vaccini se l‚Äôeuropa far√†, bene, altrimenti si va da soli.	B447
3	3	3	2	user se i vaccini fossero super sicuri. ma non lo sono, per niente.	B70
6	4	5	1	le spie non sono solo nei film. lo dimostra la vicenda dell‚Äôufficiale arrestato mentre passava ai russi documenti riservati. atto ostile, dice la farnesina mentre mosca minaccia ritorsioni cio√® l‚Äôespulsione di qualche nostro diplomatico. putin non vende solo vaccini sputnik... link	B345
4	4	4	1	user gi√† che siamo in argomento qualcuno potrebbe spiegare perch√© la user √® penultima per la vaccinazione degli ultraottantenni affidata fin da subito  e giustamente ai medici di famiglia? user user	B238
1	4	1	1	user il vaccino per il covid c‚Äô√®, ma quello per la stupidit√† non l‚Äôhanno ancora inventato	B208
1	1	1	0	vaccino, lo psicologo: cosi' giovani escono da pantano emotivo  link	B107
3	3	3	2	per la cronaca e come volevasi dimostrare, la figlia del mio collega, ieri, √® risultata positiva. ora andate a quel paese voi e il vostro vaccino.	B82
1	1	1	0	user user_ casa di riposo di mia madre: il primo piano √® in quarantena perch√® un oss non si √® vaccinato e ha contratto il covid. mia cugina, che opera nel settore, mi ha detto che circa il 40% dei sanitari non √® vaccinato..	B510
1	1	1	0	sulla vaccinazione #emiliaromagna e #toscana sono al primo posto per organizzazione e somministrazione ai propri residenti √® questa una delle differenze tra il riformismo del buon governo e le chiacchiere populiste un motivo in pi√π per user segretario user	B344
1	1	1	0	"üîµ ""si riprende con tutti i #vaccini. si pensa a privati e anche #farmacie. tutto come detto. errori sono stati commessi eccome e lo √® stato sospendere. errori nazionali. campagna e pass #ue sono la via sana e giusta""  user üéôÔ∏è #nonstopnews link"	B54
1	4	1	0	ema verso l‚Äôok al vaccino pfizer per i 12-15 anni, speranza: ‚Äústrategico per il prossimo anno scolastico‚Äù link	B260
4	4	4	1	politici e vaccino: da salvini e meloni a letta, renzi e grillo. chi lo ha fatto e chi non lo far√†	B173
3	1	3	2	"il vaccinato infetta. e adesso come la mettiamo?"" link 10"	B405
1	1	4	0	user il vaccino protegge dalla malattia, non dall'infezione ci si pu√≤ infettare anche da vaccinati, e quando succede √® comunque in forma lieve e poco trasmissibile   i non vaccinati sono vulnerabili sia per l'infezione che per la malattia  1/2	B332
2	4	4	1	a quanto pare i #vaccini dopo 7-8 mesi iniziano a perdere efficacia. il governo intanto sta meditando di ampliare la validit√† del #greenpass da 9 a 12 mesi. link	B391
1	4	1	1	non credo che sia etico, il comportamento che esclude l‚Äôuso di un  #vaccino  üíâ #sputnik per motivi politici . il dovere della politica √® mettere la vita dei cittadini davanti a qualunque pregiudizio o interesse	B209
4	4	1	1	vaccini: ruffo (sissa), ancora in attesa comunicazione asugi. universit√† trieste e udine gi√† informati, cominceranno gioved√¨ #ansa link	B102
1	1	1	0	il governo prenda subito la decisione di rendere obbligatoria la vaccinazione! stiamo rischiando un blocco totale che far√† molto male alla nostra economia, oltre che a tutti. smettiamola di essere ignoranti egoisti!link	B156
4	4	1	1	üëâ per raggiungere la vaccinazione globale da #covid19 √® stata sollecitata la deroga alle norme sulla propriet√† intellettuale previste dell‚Äôaccordo di marrakesh #wolterskluweritalia #coronavirus #vaccini  link	B477
4	4	4	1	#covid19 #coronavirus dati in #toscana #9giugno ‚ñ™Ô∏è 127 nuovi casi ‚ñ™Ô∏è 15.898 tamponi eseguiti ‚ñ™Ô∏è 341 ricoverati (-33 da ieri) ‚ñ™Ô∏è 80 in terapia intensiva (-4 da ieri) ‚ñ™Ô∏è 9 decessi (6.784 totali) ‚ñ™Ô∏è 230.765 guarigioni (+425 da ieri) ‚ñ™Ô∏è 2.390.805 vaccinazioni link link	B520
5	4	4	1	non ci capisco pi√π un cazzo.(magari non da ora).il gp durer√† 12 mesi ma l'effetto vaccinazione dura 6 mesi,max 8,senn√≤ perch√® parlare di 3¬∞ e 4¬∞ dose?.vorrei che mi si chiarisse.	B301
3	3	3	2	user user basta analizzare le percentuali di non letalit√† del covid e quelle di garanzia dei vaccini, sono simili. vuole dire che i vaccini non cambieranno la situazione, e lo stiamo gi√† vedendo nei fatti	B342
1	1	1	0	user_patrizia una mia ex vicina di casa, gravemente obesa e diabetica, nonostante avesse la priorit√† del vaccino, non l'ha voluto fare. √® in terapia intensiva in condizioni disperate. ma come si fa....	B300
1	1	1	0	per l'ottimo andamento della campagna vaccinale voglio ringraziare marco travaglio. ogni sua lacrima sono sui 50mila vaccinati in pi√π	B276
3	3	3	2	cosa succeder√†? i dati #covid miglioreranno ancora e beccamorto user frener√†, incatenando e chiudendo il paese con l‚Äôavallo di user_chigi che la mena con i #vaccini. a quel punto user reagir√†? di sicuro il popolo insorger√† furiosamente. #dittaturasanitaria	B120
4	4	4	1	#sicilia, al via a #palermo il primo grande ‚Äòhub‚Äô per le vaccinazioni - video link	B100
2	4	4	1	user user user user_italia qui il contenuto della interrogazione a firma armando siri e alberto bagnai al ministro speranza sui vaccini. link	B252
5	1	3	2	"a #controcorrente #fedriga nega che il vaccino crei le nuove varianti. poi ""io sono favorevole alle scelte del governo fino ad oggi compreso il #greenpass "".  il centrodestra che dovremmo votare."	B438
3	3	3	2	user sicuramente non accetter√≤ mai #pfizer üëá link fin'ora non ho letto nulla di simile sul #vaccino #sputnik  qualcuno che ne sappia pi√π di me ? link	B12
3	3	3	2	conferenza del dottor charles morgan all'accademia militare di west point: controllo remoto del cervello umano tramite vaccini mrna - database italia link via user	B234
1	1	1	0	"come si chiama quella sensazione di quando vieni a sapere di un conoscente #novax della prima ora finisce in ospedale mentre i suoi parenti vaccinati non hanno neanche un raffreddore? ah s√¨, ""mi ride anche il buco del culo"". #vaccinazioni #covid19"	B374
1	1	1	0	buongiorno user e roby!  finalmente ho smaltito il vaccino e oggi posso essere con voi come sempre!  #frenchgp üá´üá∑ #moto3 #motorzn user_it	B142
3	3	3	2	basta tutti testimonial di vaccini e case farmaceutiche	B249
1	1	1	0	vaccinato questa mattina 08 00  prima dose con  pftruser  puffazer..... pitzifur  pizziffer   vabbe' so vaccinato üòÇüòÇüòÇüòÇ  #pfizervaccine	B30
1	1	1	0	user caro massimo, almeno io, non ho idea dello stress delle strutture sanitarie. concordo che questi lockdown a singhiozzo non sono ideali, ma oggettivamente questa pandemia √® devastante. piuttosto cerchiamo di stringere sulle vaccinazioni. un caro saluto alessandro	B180
1	1	1	0	user n√© il vaccino pfizer n√© quello moderna vengono prodotti usando linee cellulari di conseguenza √® impossibile che contengano cellule di feti. altri vaccini necessitano di linee cellulari per la produzione (mrc-5, wi-38 e hek393 originarie degli anni 60/70), ma non ne contengono.	B81
3	3	3	2	assassini!  lorenzo si era anche sottoposto al vaccino anti-covid, lo scorso 5 giugno. una scomparsa la sua che sconvolge la comunit√†, stretta intorno ai genitori	B138
1	1	1	0	user user_panta cosa del mio discorso ti ha fatto evincere che bisogna fare dei lager? cerchi di rendere inutile il mio discorso estremizzandolo all inverosimile? io sono vaccinato e sto bene, mio padre,  madre, nonna, zii e cugini, amici vaccinati e stanno tutti bene.  non potete vaccinarvi?	B433
1	1	1	0	a questo punto per√≤ c‚Äô√® da aspettarsi anche il titolo ‚Äúmuore all‚Äôimprovviso, una settimana fa aveva prenotato il vaccino #astrazeneca‚Äù link	B84
4	1	1	0	comunque domani torno gi√π a milano per la seconda dose del vaccino e poi risalgo in montagna tipo subito. sono gi√† stanca al pensiero.	B244
3	4	3	2	user user user chi √® vaccinato pu√≤ infettarsi e trasmettere il virus su questo non ci piove. con il gp uno non fa pi√π controlli per 8/12 mesi perch√© pensa di essere sano. la soluzione sono i tamponi salivari rapidi. dal 7 agosto l'aifa ha riconosciuto l'uso delle monoclinali per la cura.	B306
1	3	1	0	il #covid19 continua a colpire i #neonati. tre casi nel vicentino, tutti con familiari #nonvaccinati. altri ricoveri in #rianimazione. servizio di giovanni stefani, montaggio gianpaolo gigante #ioseguotgr link	B6
3	3	3	2	secondo i dati ufficiali, negli ultimi tre mesi sono morte pi√π persone a causa dei vaccini che nell'ultimo decennio alvaro colombres garmendia | thebl 03/31/21, 13:54 link	B517
3	5	3	2	pioggia di miliardi un anno fa vaccini a raffica oggi imprese pochi euro e al collasso vaccini niente ma ci rendiamo conto di quanto sti personaggi mantenuti da noi ci prendono per il culo intanto citt√† invase da clandestini spacciatori??	B220
1	1	1	0	user chi si prende la responsabilit√† di mandare il personale scolastico sopra i 50 anni allo sbaraglio? se la prende lei, ministro? qualcuno dovr√† spiegare perch√© riaprire le scuole senza aver vaccinato gli insegnanti. chi ne risponder√†, se qualcuno si contagia e ci lascia la pelle??	B56
1	1	1	0	vaccino, papa ‚Äústrumento essenziale nella lotta alla pandemia‚Äù link	B264
4	4	4	1	limes:carta: la distribuzione dei vaccini link 25	B170
3	4	4	1	chiedete a #vaia del vaccino #reithera #spallanzani #domenicain. confidiamo in #giovannabotteri	B271
4	4	4	1	bergamo e brescia l‚Äôannuncio di bertolaso: da domani vaccini a 30 mila persone over 60¬†il bollettino: 318 i morti - a brescia 901 casi - #bergamo #brescia #l‚Äôannuncio link link	B331
